{
    "result_resnet": {
        "train_loss": [
            1.1203112827314363,
            0.4650056713319325,
            0.283392714193234,
            0.2203321927910918,
            0.1767544704977866,
            0.15872067563444167,
            0.1301518703543849,
            0.1253879567334702,
            0.12464934227323826,
            0.11438506235974236
        ],
        "train_metric": [
            0.6273702262164828,
            0.866763044904162,
            0.9034763316174487,
            0.919529989465967,
            0.941215034965035,
            0.9475020174379949,
            0.9549320873680648,
            0.9577225663445212,
            0.9554195804195804,
            0.962748790120745
        ],
        "valid_loss": [
            0.7018879569239087,
            0.275201933665408,
            0.21105992038630778,
            0.16994392685592175,
            0.14385679421118563,
            0.11073633764560024,
            0.11498504266556767,
            0.10243526926367647,
            0.11113044660952356,
            0.10000601798916857
        ],
        "valid_metric": [
            0.8386994964546628,
            0.9110637638303969,
            0.9279513888888888,
            0.9392361111111112,
            0.9479166666666666,
            0.9565972222222222,
            0.9574652777777778,
            0.9644097222222222,
            0.9609375,
            0.9635416666666666
        ]
    },
    "result_convmixer": {
        "train_loss": [
            0.7387890079013115,
            0.26154657278756993,
            0.16459430786748458,
            0.12758600410933674,
            0.09464924541868634,
            0.08767975748913892,
            0.0671456885610388,
            0.05020894744706998,
            0.06198102086326563,
            0.05478689093118325
        ],
        "train_metric": [
            0.752202124862404,
            0.9086706563309356,
            0.9378362027081576,
            0.955755783127738,
            0.9688676712396261,
            0.96875,
            0.9792395104895105,
            0.9844842657342657,
            0.9794076118435893,
            0.981592926528904
        ],
        "valid_loss": [
            0.44916205749743515,
            1.7086687910680969,
            0.7284561207311021,
            0.09018884487967524,
            880.1572110744243,
            0.4176490317881367,
            584586.5312034339,
            0.0685560726043251,
            0.19837020634440705,
            7187.673117826703
        ],
        "valid_metric": [
            0.9101957082748413,
            0.9371054304970635,
            0.9535984860526191,
            0.9730902777777778,
            0.9704861111111112,
            0.96875,
            0.9782986111111112,
            0.9791666666666666,
            0.9704861111111112,
            0.9713541666666666
        ]
    }
}