{
    "result_resnet": {
        "train_loss": [
            0.6377033223497106,
            0.44630734210318707,
            0.2632490602579523,
            0.1676732357195083,
            0.12363389459379176,
            0.10601192736562262,
            0.0894775907409952,
            0.07451678424122486,
            0.09540382388265843,
            0.08217030113681836
        ],
        "train_metric": [
            0.7330927062541881,
            0.9433890581130981,
            0.9564019771332436,
            0.9673252283258641,
            0.9719794836450131,
            0.9727393617021277,
            0.9765387545240686,
            0.9873670212765957,
            0.9699848027939492,
            0.9800531914893617
        ],
        "valid_loss": [
            0.5138865355402231,
            0.2974626338109374,
            0.1418631416745484,
            0.09358515590429306,
            0.07459904626011847,
            0.06025090743787588,
            0.05522667453624308,
            0.052532066125422716,
            0.055328535148873925,
            0.05175282119307667
        ],
        "valid_metric": [
            0.9499999992549419,
            0.978515625,
            0.990234375,
            0.9910156242549419,
            0.9921875,
            0.99609375,
            0.998046875,
            0.998046875,
            0.994140625,
            0.99609375
        ]
    },
    "result_convmixer": {
        "train_loss": [
            0.5949842562066748,
            0.21357426023546688,
            0.08435812703472503,
            0.049982459541965035,
            0.04633725757532297,
            0.03768848480181175,
            0.026206354288622113,
            0.03279512400857787,
            0.025529632555380304,
            0.050566541288602856
        ],
        "train_metric": [
            0.7944528879003322,
            0.9514627659574468,
            0.9740691489361702,
            0.9867021276595744,
            0.9840425531914894,
            0.9913563829787234,
            0.9920212765957447,
            0.9906914893617021,
            0.9933510638297872,
            0.9833776595744681
        ],
        "valid_loss": [
            0.39835919439792633,
            0.07951234839856625,
            0.09472706879023463,
            0.14682502177311108,
            0.040108683839207515,
            0.04008913191501051,
            0.03821041900664568,
            0.03626473792246543,
            0.03929085232084616,
            0.034016643825452775
        ],
        "valid_metric": [
            0.966796875,
            0.98828125,
            0.990234375,
            0.9871093742549419,
            0.98828125,
            0.9890624992549419,
            0.990234375,
            0.990234375,
            0.9921875,
            0.990234375
        ]
    }
}